{
    "loss": 0.3991588354110718,
    "accuracy": 0.7410072088241577
}